Compound_ID,Smiles,Standard Type,Standard Relation,Standard Value,Standard Units,pChEMBL Value,Assay ChEMBL ID,Target ChEMBL ID,n_isomers
CHEMBL9352,O=C1C[C@@H](c2ccc(O)cc2)Oc2cc(O)cc(O)c12,IC50,=,3656.0,nM,5.44,CHEMBL1225718,CHEMBL4878,1
CHEMBL490170,COc1cc([C@@H]2CC(=O)c3c(O)cc(O)cc3O2)ccc1O,IC50,=,1716.0,nM,5.76,CHEMBL1225718,CHEMBL4878,1
CHEMBL399910,O=C1C[C@@H](c2ccccc2)Oc2cc(O)cc(O)c12,IC50,=,1679.0,nM,5.78,CHEMBL1225718,CHEMBL4878,1
CHEMBL8996,O=C1C[C@@H](c2ccc(O)c(O)c2)Oc2cc(O)cc(O)c12,IC50,=,1284.0,nM,5.89,CHEMBL1225718,CHEMBL4878,1
CHEMBL470266,COc1ccc([C@@H]2CC(=O)c3c(O)cc(O)cc3O2)cc1,IC50,=,1024.0,nM,5.99,CHEMBL1225718,CHEMBL4878,1
CHEMBL399121,COc1ccc([C@@H]2CC(=O)c3c(O)cc(O)cc3O2)cc1O,IC50,=,511.0,nM,6.29,CHEMBL1225718,CHEMBL4878,1
CHEMBL151,O=c1cc(-c2ccc(O)c(O)c2)oc2cc(O)cc(O)c12,IC50,=,79.0,nM,7.1,CHEMBL1225718,CHEMBL4878,1
CHEMBL50,O=c1c(O)c(-c2ccc(O)c(O)c2)oc2cc(O)cc(O)c12,IC50,=,77.0,nM,7.11,CHEMBL1225718,CHEMBL4878,1
CHEMBL150,O=c1c(O)c(-c2ccc(O)cc2)oc2cc(O)cc(O)c12,IC50,=,47.0,nM,7.33,CHEMBL1225718,CHEMBL4878,1
CHEMBL90568,COc1ccc(-c2cc(=O)c3c(O)cc(O)cc3o2)cc1O,IC50,=,29.0,nM,7.54,CHEMBL1225718,CHEMBL4878,1
CHEMBL40919,COc1ccc(-c2c(O)c(=O)c3c(O)cc(O)cc3o2)cc1,IC50,=,25.0,nM,7.6,CHEMBL1225718,CHEMBL4878,1
CHEMBL309490,O=c1c(O)c(-c2ccccc2)oc2cc(O)cc(O)c12,IC50,=,25.0,nM,7.6,CHEMBL1225718,CHEMBL4878,1
CHEMBL28,O=c1cc(-c2ccc(O)cc2)oc2cc(O)cc(O)c12,IC50,=,25.0,nM,7.6,CHEMBL1225718,CHEMBL4878,1
CHEMBL117,O=c1cc(-c2ccccc2)oc2cc(O)cc(O)c12,IC50,=,24.0,nM,7.62,CHEMBL1225718,CHEMBL4878,1
CHEMBL226034,COc1ccc(-c2c(O)c(=O)c3c(O)cc(O)cc3o2)cc1O,IC50,=,20.0,nM,7.7,CHEMBL1225718,CHEMBL4878,1
CHEMBL214321,COc1cc(-c2cc(=O)c3c(O)cc(O)cc3o2)ccc1O,IC50,=,20.0,nM,7.7,CHEMBL1225718,CHEMBL4878,1
CHEMBL379064,COc1cc(-c2c(O)c(=O)c3c(O)cc(O)cc3o2)ccc1O,IC50,=,17.0,nM,7.77,CHEMBL1225718,CHEMBL4878,1
CHEMBL243664,COc1ccc(-c2cc(=O)c3c(O)cc(O)cc3o2)cc1,IC50,=,12.0,nM,7.92,CHEMBL1225718,CHEMBL4878,1
CHEMBL46909,COc1cc(/C=C/c2ccc(OC)cc2OC)cc(OC)c1,IC50,=,2.0,nM,8.7,CHEMBL3137179,CHEMBL4878,1
CHEMBL3132932,COc1ccc(/C=C/c2c(OC)cccc2OC)c(OC)c1,IC50,=,1.77,nM,8.75,CHEMBL3137181,CHEMBL4878,1
CHEMBL3132931,COc1cc(OC)c(/C=C/c2ccc(OC)c(OC)c2)c(OC)c1,IC50,=,300.0,nM,6.52,CHEMBL3137184,CHEMBL4878,1
CHEMBL3132930,COc1cc(OC)c(OC)cc1/C=C/c1ccc(OC)c(OC)c1,IC50,=,4440.0,nM,5.35,CHEMBL3137184,CHEMBL4878,1
CHEMBL3132929,COc1ccc(/C=C/c2ccc(OC)c(OC)c2OC)cc1OC,IC50,=,4170.0,nM,5.38,CHEMBL3137184,CHEMBL4878,1
CHEMBL3132928,COc1ccc(/C=C/c2c(OC)cccc2OC)cc1OC,IC50,=,310.0,nM,6.51,CHEMBL3137184,CHEMBL4878,1
CHEMBL3132927,COc1ccc(OC)c(/C=C/c2ccc(OC)c(OC)c2)c1,IC50,=,620.0,nM,6.21,CHEMBL3137184,CHEMBL4878,1
CHEMBL3132926,COc1ccc(/C=C/c2ccc(OC)c(OC)c2)c(OC)c1,IC50,=,210.0,nM,6.68,CHEMBL3137184,CHEMBL4878,1
CHEMBL3132925,COc1ccc(/C=C/c2cccc(OC)c2OC)cc1OC,IC50,=,370.0,nM,6.43,CHEMBL3137184,CHEMBL4878,1
CHEMBL3132924,COc1ccccc1/C=C/c1ccc(OC)c(OC)c1,IC50,=,4.0,nM,8.4,CHEMBL3137184,CHEMBL4878,1
CHEMBL327223,COc1ccc(/C=C/c2ccccc2)cc1OC,IC50,=,300.0,nM,6.52,CHEMBL3137184,CHEMBL4878,1
CHEMBL291501,COc1ccc(/C=C/c2cc(O)cc(O)c2)cc1,IC50,=,800.0,nM,6.1,CHEMBL3137184,CHEMBL4878,1
CHEMBL498917,COc1cc(O)cc(/C=C/c2ccc(O)cc2)c1,IC50,=,2100.0,nM,5.68,CHEMBL3137184,CHEMBL4878,1
CHEMBL83527,COc1cc(/C=C/c2ccc(O)cc2)cc(OC)c1,IC50,=,1400.0,nM,5.85,CHEMBL3137184,CHEMBL4878,1
CHEMBL3219852,COc1ccc(/C=C/c2ccccc2)c(OC)c1,IC50,=,493.0,nM,6.31,CHEMBL3224673,CHEMBL4878,1
CHEMBL2043279,COc1ccc(/C=C/c2ccccc2OC)c(OC)c1,IC50,=,336.0,nM,6.47,CHEMBL3224673,CHEMBL4878,1
CHEMBL3220143,COc1cccc(/C=C/c2ccc(OC)cc2OC)c1,IC50,=,98.2,nM,7.01,CHEMBL3224673,CHEMBL4878,1
CHEMBL242396,COc1ccc(/C=C/c2ccc(OC)cc2OC)cc1,IC50,=,666.0,nM,6.18,CHEMBL3224673,CHEMBL4878,1
CHEMBL3220144,COc1ccc(OC)c(/C=C/c2ccc(OC)cc2OC)c1,IC50,=,350.0,nM,6.46,CHEMBL3224673,CHEMBL4878,1
CHEMBL3220145,COc1ccc(/C=C/c2ccc(OC)cc2OC)c(OC)c1,IC50,=,222.0,nM,6.65,CHEMBL3224673,CHEMBL4878,1
CHEMBL3220146,COc1ccc(/C=C/c2cccc(OC)c2OC)c(OC)c1,IC50,=,192.0,nM,6.72,CHEMBL3224673,CHEMBL4878,1
CHEMBL3220147,COc1ccc(/C=C/c2cc(OC)c(OC)c(OC)c2)c(OC)c1,IC50,=,301.0,nM,6.52,CHEMBL3224673,CHEMBL4878,1
CHEMBL3220148,COc1ccc(/C=C/c2cc(OC)c(OC)cc2OC)c(OC)c1,IC50,=,78.4,nM,7.11,CHEMBL3224673,CHEMBL4878,1
CHEMBL3220149,COc1ccc(/C=C/c2c(OC)cc(OC)cc2OC)c(OC)c1,IC50,=,148.0,nM,6.83,CHEMBL3224673,CHEMBL4878,1
CHEMBL3220150,COc1ccc(/C=C/c2c(OC)ccc(OC)c2OC)c(OC)c1,IC50,=,420.0,nM,6.38,CHEMBL3224673,CHEMBL4878,1
CHEMBL3422358,COc1ccc(OC)c2c1c(OC)cc1c2oc(-c2cccc(F)c2)c(OCCOCCOCCOCCOC(=O)CN)c1=O,IC50,=,12.3,nM,7.91,CHEMBL3423815,CHEMBL4878,1
CHEMBL3421640,COc1ccc(OC)c2c1c(OC)cc1c2oc(-c2cccc(F)c2)c(OCCOCCOCCOC(=O)CN)c1=O,IC50,=,68.81,nM,7.16,CHEMBL3423815,CHEMBL4878,1
CHEMBL3422357,COc1ccc(OC)c2c1c(OC)cc1c2oc(-c2cccc(F)c2)c(OCCOCCOC(=O)CN)c1=O,IC50,=,37.02,nM,7.43,CHEMBL3423815,CHEMBL4878,1
CHEMBL3422356,COc1ccc(OC)c2c1c(OC)cc1c2oc(-c2cccc(F)c2)c(OCCOC(=O)[C@@H](N)C(C)C)c1=O,IC50,=,114.5,nM,6.94,CHEMBL3423815,CHEMBL4878,1
CHEMBL3422355,COc1ccc(OC)c2c1c(OC)cc1c2oc(-c2cccc(F)c2)c(OCCOC(=O)[C@H](C)N)c1=O,IC50,=,98.4,nM,7.01,CHEMBL3423815,CHEMBL4878,1
CHEMBL3422354,COc1ccc(OC)c2c1c(OC)cc1c2oc(-c2cccc(F)c2)c(OCCOC(=O)CN)c1=O,IC50,=,19.6,nM,7.71,CHEMBL3423815,CHEMBL4878,1
CHEMBL3422353,COc1ccc(OC)c2c1c(OC)cc1c2oc(-c2ccc(Cl)cc2)c(O)c1=O,IC50,=,5.0,nM,8.3,CHEMBL3423815,CHEMBL4878,1
CHEMBL3422352,COc1ccc(OC)c2c1c(OC)cc1c2oc(-c2cccc(Cl)c2)c(O)c1=O,IC50,=,3.5,nM,8.46,CHEMBL3423815,CHEMBL4878,1
CHEMBL3422351,COc1ccc(OC)c2c1c(OC)cc1c2oc(-c2ccccc2Cl)c(O)c1=O,IC50,=,1.6,nM,8.8,CHEMBL3423815,CHEMBL4878,1
CHEMBL3422350,COc1ccc(OC)c2c1c(OC)cc1c2oc(-c2ccc(F)cc2)c(O)c1=O,IC50,=,0.8,nM,9.1,CHEMBL3423815,CHEMBL4878,1
CHEMBL3422349,COc1ccc(OC)c2c1c(OC)cc1c2oc(-c2cccc(F)c2)c(O)c1=O,IC50,=,0.3,nM,9.52,CHEMBL3423815,CHEMBL4878,1
CHEMBL3422348,COc1ccc(OC)c2c1c(OC)cc1c2oc(-c2ccccc2F)c(O)c1=O,IC50,=,1.2,nM,8.92,CHEMBL3423815,CHEMBL4878,1
CHEMBL3422347,COc1ccc(OC)c2c1c(OC)cc1c2oc(-c2ccccc2)c(O)c1=O,IC50,=,2.3,nM,8.64,CHEMBL3423815,CHEMBL4878,1
CHEMBL283196,O=c1cc(-c2ccccc2)oc2c1ccc1ccccc12,IC50,=,1.3,nM,8.89,CHEMBL3423815,CHEMBL4878,1
CHEMBL3422346,COc1ccc(OC)c2c1c(OC)cc1c2oc(-c2ccccc2O)cc1=O,IC50,=,62.9,nM,7.2,CHEMBL3423815,CHEMBL4878,1
CHEMBL3422345,COc1ccc(OC)c2c1c(OC)cc1c2oc(-c2ccc(O)cc2)cc1=O,IC50,=,642.9,nM,6.19,CHEMBL3423815,CHEMBL4878,1
CHEMBL3422343,COc1ccc(OC)c2c1c(OC)cc1c2oc(-c2ccc(OCc3ccccc3)cc2)cc1=O,IC50,=,771.4,nM,6.11,CHEMBL3423815,CHEMBL4878,1
CHEMBL3422342,COc1cc(-c2cc(=O)c3cc(OC)c4c(OC)ccc(OC)c4c3o2)cc(OC)c1OC,IC50,=,9.8,nM,8.01,CHEMBL3423815,CHEMBL4878,1
CHEMBL3422341,COc1ccc(-c2cc(=O)c3cc(OC)c4c(OC)ccc(OC)c4c3o2)cc1OC,IC50,=,2.5,nM,8.6,CHEMBL3423815,CHEMBL4878,1
CHEMBL3422340,COc1ccc(-c2cc(=O)c3cc(OC)c4c(OC)ccc(OC)c4c3o2)cc1,IC50,=,1.1,nM,8.96,CHEMBL3423815,CHEMBL4878,1
CHEMBL3422339,COc1ccccc1-c1cc(=O)c2cc(OC)c3c(OC)ccc(OC)c3c2o1,IC50,=,9.0,nM,8.05,CHEMBL3423815,CHEMBL4878,1
CHEMBL3422338,COc1ccc(OC)c2c1c(OC)cc1c2oc(-c2ccc(Cl)cc2)cc1=O,IC50,=,0.2,nM,9.7,CHEMBL3423815,CHEMBL4878,1
CHEMBL3422337,COc1ccc(OC)c2c1c(OC)cc1c2oc(-c2cccc(Cl)c2)cc1=O,IC50,=,0.3,nM,9.52,CHEMBL3423815,CHEMBL4878,1
CHEMBL3422336,COc1ccc(OC)c2c1c(OC)cc1c2oc(-c2ccccc2Cl)cc1=O,IC50,=,1.1,nM,8.96,CHEMBL3423815,CHEMBL4878,1
CHEMBL3422335,COc1ccc(OC)c2c1c(OC)cc1c2oc(-c2ccc(F)cc2)cc1=O,IC50,=,0.3,nM,9.52,CHEMBL3423815,CHEMBL4878,1
CHEMBL3421639,COc1ccc(OC)c2c1c(OC)cc1c2oc(-c2cccc(F)c2)cc1=O,IC50,=,0.043,nM,10.37,CHEMBL3423815,CHEMBL4878,1
CHEMBL3422258,COc1ccc(OC)c2c1c(OC)cc1c2oc(-c2ccccc2F)cc1=O,IC50,=,0.2,nM,9.7,CHEMBL3423815,CHEMBL4878,1
CHEMBL3422257,COc1ccc(OC)c2c1c(OC)cc1c2oc(-c2ccccc2)cc1=O,IC50,=,0.2,nM,9.7,CHEMBL3423815,CHEMBL4878,1
CHEMBL2347756,O=c1cc(-c2ccccc2)oc2c3C=CCOc3ccc12,Ki,=,53.0,nM,7.28,CHEMBL3603197,CHEMBL4878,1
CHEMBL3601433,Cc1cc2c(ccc3c2oc(-c2ccccc2)cc3=O)o1,Ki,=,180.0,nM,6.75,CHEMBL3603197,CHEMBL4878,1
CHEMBL2347912,O=c1cc(-c2ccccc2)oc2c3C=CCOc3cc(O)c12,Ki,=,5.6,nM,8.25,CHEMBL3603197,CHEMBL4878,1
CHEMBL3601434,Cc1cc2c(cc(O)c3c2oc(-c2ccccc2)cc3=O)o1,Ki,=,100.0,nM,7.0,CHEMBL3603197,CHEMBL4878,1
CHEMBL3601435,O=c1cc(-c2ccccc2)oc2c1ccc1ncccc12,Ki,=,120.0,nM,6.92,CHEMBL3603197,CHEMBL4878,1
CHEMBL3601436,O=c1cc(-c2ccccc2)oc2c3OCOc3ccc12,Ki,=,480.0,nM,6.32,CHEMBL3603197,CHEMBL4878,1
CHEMBL3601437,O=c1cc(-c2ccccc2)c2ccc3OCC=Cc3c2o1,Ki,=,5040.0,nM,5.3,CHEMBL3603197,CHEMBL4878,1
CHEMBL3601438,Cc1c(-c2ccccc2)c2ccc3OCC=Cc3c2oc1=O,Ki,=,21200.0,nM,4.67,CHEMBL3603197,CHEMBL4878,1
CHEMBL3601439,Cc1cc(=O)oc2c3C=CCOc3ccc12,Ki,=,12000.0,nM,4.92,CHEMBL3603197,CHEMBL4878,1
CHEMBL3601440,O=c1cc(C(F)(F)F)c2ccc3OCC=Cc3c2o1,Ki,=,20400.0,nM,4.69,CHEMBL3603197,CHEMBL4878,1
CHEMBL3601441,Cc1cc2c(ccc3c2oc(=O)cc3-c2ccccc2)o1,Ki,=,4620.0,nM,5.33,CHEMBL3603197,CHEMBL4878,1
CHEMBL3601508,Cc1cc2c(ccc3c2oc(=O)c(C)c3-c2ccccc2)o1,Ki,=,22600.0,nM,4.65,CHEMBL3603197,CHEMBL4878,1
CHEMBL50703,Cc1cc2c(ccc3c2oc(=O)cc3C)o1,Ki,=,7460.0,nM,5.13,CHEMBL3603197,CHEMBL4878,1
CHEMBL3601509,Cc1cc2c(ccc3c2oc(=O)cc3C(F)(F)F)o1,Ki,=,46800.0,nM,4.33,CHEMBL3603197,CHEMBL4878,1
CHEMBL3601510,Cc1cc(=O)oc2c1ccc1ncccc12,Ki,=,46600.0,nM,4.33,CHEMBL3603197,CHEMBL4878,1
CHEMBL3601511,O=c1cc(-c2ccccc2)c2ccc3OCOc3c2o1,Ki,=,30100.0,nM,4.52,CHEMBL3603197,CHEMBL4878,1
CHEMBL3814750,COc1cc(/N=N/N2CCOCC2)cc(OC)c1OC,IC50,=,18000.0,nM,4.75,CHEMBL3815618,CHEMBL4878,1
CHEMBL3814495,O=[N+]([O-])c1ccc(/N=N/N2CCOCC2)cc1,IC50,=,2000.0,nM,5.7,CHEMBL3815618,CHEMBL4878,1
CHEMBL3815143,Brc1ccc(/N=N/N2CCOCC2)cc1,IC50,=,7000.0,nM,5.16,CHEMBL3815618,CHEMBL4878,1
CHEMBL165,Oc1ccc(/C=C/c2cc(O)cc(O)c2)cc1,IC50,=,55000.0,nM,4.26,CHEMBL3815618,CHEMBL4878,1
CHEMBL43065,Oc1cc(O)cc(/C=C/c2ccc(O)cc2O)c1,IC50,=,34000.0,nM,4.47,CHEMBL3815618,CHEMBL4878,1
CHEMBL3971601,C[C@]12CC[C@@H]3c4ccc(S)cc4CC[C@H]3[C@@H]1CCC2=O,IC50,=,3400.0,nM,5.47,CHEMBL3877874,CHEMBL4878,1
CHEMBL4095308,COc1cccc(C(=O)/C=C/c2cccnc2)c1,IC50,=,130.0,nM,6.89,CHEMBL4009472,CHEMBL4878,1
CHEMBL4074953,COc1ccc(C(=O)/C=C/c2cccnc2)cc1,IC50,=,525.0,nM,6.28,CHEMBL4009472,CHEMBL4878,1
CHEMBL427692,COc1ccc(C(=O)/C=C/c2cccnc2)c(OC)c1,IC50,=,93.0,nM,7.03,CHEMBL4009472,CHEMBL4878,1
CHEMBL1970023,COc1ccc(C(=O)/C=C/c2cccnc2)cc1OC,IC50,=,176.0,nM,6.75,CHEMBL4009472,CHEMBL4878,1
CHEMBL4093676,COc1cc(OC)cc(C(=O)/C=C/c2cccnc2)c1,IC50,=,106.0,nM,6.97,CHEMBL4009472,CHEMBL4878,1
CHEMBL509932,COc1ccc(C(=O)/C=C/c2cccnc2)c(OC)c1OC,IC50,=,137.0,nM,6.86,CHEMBL4009472,CHEMBL4878,1
CHEMBL4065284,O=C(/C=C/c1cccnc1)c1cccc(Cl)c1,IC50,=,59.0,nM,7.23,CHEMBL4009472,CHEMBL4878,1
CHEMBL4084977,O=C(/C=C/c1cccnc1)c1cccc(Br)c1,IC50,=,64.0,nM,7.19,CHEMBL4009472,CHEMBL4878,1
CHEMBL4063333,O=C(/C=C/c1cccnc1)c1ccc2ccccc2c1,IC50,=,15.0,nM,7.82,CHEMBL4009472,CHEMBL4878,1
CHEMBL4092737,COc1ccc2cc(C(=O)/C=C/c3cccnc3)ccc2c1,IC50,=,9.0,nM,8.05,CHEMBL4009472,CHEMBL4878,1
CHEMBL4071959,O=C(/C=C/c1cccnc1)c1cccc2ccccc12,IC50,=,23.0,nM,7.64,CHEMBL4009472,CHEMBL4878,1
CHEMBL4100464,O=C(/C=C/c1cccnc1)c1ccc(-c2ccccc2)cc1,IC50,=,189.0,nM,6.72,CHEMBL4009472,CHEMBL4878,1
CHEMBL4082447,O=C(/C=C/c1ccncc1)c1ccc2ccccc2c1,IC50,=,187.0,nM,6.73,CHEMBL4009472,CHEMBL4878,1
CHEMBL4080095,O=C(/C=C/c1cccnc1)c1ccc2ccc3ccccc3c2c1,IC50,=,48.0,nM,7.32,CHEMBL4009472,CHEMBL4878,1
CHEMBL4098125,O=C(/C=C/c1cccnc1)c1cc2ccccc2c2ccccc12,IC50,=,133.0,nM,6.88,CHEMBL4009472,CHEMBL4878,1
CHEMBL4069375,O=C(/C=C/c1cccnc1)c1ccc2ccc3cccc4ccc1c2c34,IC50,=,162.0,nM,6.79,CHEMBL4009472,CHEMBL4878,1
CHEMBL1517429,O=C(/C=C/c1cccc(O)c1)c1cccnc1,IC50,=,466.0,nM,6.33,CHEMBL4009472,CHEMBL4878,1
CHEMBL1413330,O=C(/C=C/c1ccc2OCOc2c1)c1cccnc1,IC50,=,29.0,nM,7.54,CHEMBL4009472,CHEMBL4878,1
CHEMBL4099058,COc1cccc(/C=C/C(=O)c2cccnc2)c1,IC50,=,32.0,nM,7.5,CHEMBL4009472,CHEMBL4878,1
CHEMBL4072091,COc1ccccc1/C=C/C(=O)c1cccnc1,IC50,=,15.0,nM,7.82,CHEMBL4009472,CHEMBL4878,1
CHEMBL4091327,COc1ccc(/C=C/C(=O)c2cccnc2)cc1O,IC50,=,112.0,nM,6.95,CHEMBL4009472,CHEMBL4878,1
CHEMBL4063471,COc1ccc(/C=C/C(=O)c2cccnc2)cc1OC,IC50,=,19.0,nM,7.72,CHEMBL4009472,CHEMBL4878,1
CHEMBL4079191,COc1cc(/C=C/C(=O)c2cccnc2)cc(OC)c1OC,IC50,=,349.0,nM,6.46,CHEMBL4009472,CHEMBL4878,1
CHEMBL2237709,COc1ccc(/C=C/C(=O)c2cccnc2)c(OC)c1OC,IC50,=,31.0,nM,7.51,CHEMBL4009472,CHEMBL4878,1
CHEMBL4068333,O=C(/C=C/c1ccc(Cl)c(Cl)c1)c1cccnc1,IC50,=,96.0,nM,7.02,CHEMBL4009472,CHEMBL4878,1
CHEMBL4095688,O=C(/C=C/c1ccc(F)c(F)c1)c1cccnc1,IC50,=,120.0,nM,6.92,CHEMBL4009472,CHEMBL4878,1
CHEMBL4059677,O=C(/C=C/c1ccc2ccccc2c1)c1cccnc1,IC50,=,10.0,nM,8.0,CHEMBL4009472,CHEMBL4878,1
CHEMBL4087973,O=C(/C=C/c1ccccc1)c1cccnc1,IC50,=,77.0,nM,7.11,CHEMBL4009472,CHEMBL4878,1
CHEMBL2058057,O=c1[nH]c(-c2ccc(Br)cc2)nc2ccccc12,IC50,=,3.0,nM,8.52,CHEMBL4014736,CHEMBL4878,1
CHEMBL3289112,COc1ccc(-c2nc3ccccc3c(=O)[nH]2)cc1O,IC50,=,54.0,nM,7.27,CHEMBL4014736,CHEMBL4878,1
CHEMBL4081914,COc1cc(-c2nc3ccccc3c(=O)[nH]2)ccc1O,IC50,=,3100.0,nM,5.51,CHEMBL4014736,CHEMBL4878,1
CHEMBL4074105,C#CCOc1ccc(-c2nc3ccccc3c(=O)[nH]2)cc1,IC50,=,2.0,nM,8.7,CHEMBL4014736,CHEMBL4878,1
CHEMBL4100866,O=c1[nH]c(-c2ccc(Oc3ccc(Cl)cc3Cl)cc2)nc2ccccc12,IC50,=,4.0,nM,8.4,CHEMBL4014736,CHEMBL4878,1
CHEMBL4084413,O=c1[nH]c(-c2ccc(OCc3ccc(F)cc3F)cc2)nc2ccccc12,IC50,=,268.0,nM,6.57,CHEMBL4014736,CHEMBL4878,1
CHEMBL4098122,O=c1c2ccccc2nc2c3c(ccn12)c1ccccc1[nH]3,IC50,=,55.0,nM,7.26,CHEMBL4014751,CHEMBL4878,1
CHEMBL2071343,COc1ccccc1/C=C/c1ccc(SC)cc1,Ki,=,41.0,nM,7.39,CHEMBL4035317,CHEMBL4878,1
CHEMBL2071344,COc1cccc(/C=C/c2ccc(SC)cc2)c1,Ki,=,30.0,nM,7.52,CHEMBL4035317,CHEMBL4878,1
CHEMBL279564,c1cc2ccc3cccc4ccc(c1)c2c34,IC50,=,2.0,nM,8.7,CHEMBL4035318,CHEMBL4878,1
CHEMBL3215302,C#Cc1cc2ccc3cccc4ccc(c1)c2c34,IC50,=,30.0,nM,7.52,CHEMBL4035318,CHEMBL4878,1
CHEMBL1743360,CC#Cc1ccc(-c2ccccc2)cc1,Ki,=,2300.0,nM,5.64,CHEMBL4035324,CHEMBL4878,1
CHEMBL1346946,c1ccc2c(c1)ccc1cc3c(ccc4ccccc43)cc12,IC50,=,9.0,nM,8.05,CHEMBL4035325,CHEMBL4878,1
CHEMBL275638,O=c1cc(-c2ccccc2)oc2ccccc12,IC50,=,600.0,nM,6.22,CHEMBL4035326,CHEMBL4878,1
CHEMBL294009,O=c1c(O)c(-c2ccccc2)oc2ccccc12,IC50,=,90.0,nM,7.05,CHEMBL4035326,CHEMBL4878,1
CHEMBL16807,O=c1cc(-c2ccccc2)oc2cccc(O)c12,IC50,=,210.0,nM,6.68,CHEMBL4035326,CHEMBL4878,1
CHEMBL276915,O=c1cc(-c2ccccc2)oc2cc(O)ccc12,IC50,=,250.0,nM,6.6,CHEMBL4035326,CHEMBL4878,1
CHEMBL76426,COc1ccc(-c2cc(=O)c3c(O)cc(O)cc3o2)cc1OC,IC50,=,19.0,nM,7.72,CHEMBL4035326,CHEMBL4878,1
CHEMBL487402,COc1ccc(-c2cc(=O)c3c(O)c(OC)c(OC)cc3o2)cc1O,Ki,=,35.0,nM,7.46,CHEMBL4035332,CHEMBL4878,1
CHEMBL164,O=c1c(O)c(-c2cc(O)c(O)c(O)c2)oc2cc(O)cc(O)c12,Ki,=,27.0,nM,7.57,CHEMBL4035332,CHEMBL4878,1
CHEMBL242341,COc1ccc(-c2coc3cc(O)ccc3c2=O)cc1,Ki,=,3700.0,nM,5.43,CHEMBL4035336,CHEMBL4878,1
CHEMBL140796,COc1c2ccoc2c(OC)c2c1ccc(=O)o2,Ki,=,11000.0,nM,4.96,CHEMBL4035337,CHEMBL4878,1
CHEMBL448060,CC(C)=CCOc1c2ccoc2cc2c1ccc(=O)o2,Ki,=,6000.0,nM,5.22,CHEMBL4035337,CHEMBL4878,1
CHEMBL453805,CC(C)=CCOc1c2occc2cc2c1oc(=O)cc2,Ki,=,1000.0,nM,6.0,CHEMBL4035337,CHEMBL4878,1
CHEMBL294264,O=C1c2ccccc2C(=O)c2c(O)c(O)cc(O)c12,Ki,=,700.0,nM,6.16,CHEMBL4035338,CHEMBL4878,1
CHEMBL55814,O=C1c2ccccc2C(=O)c2c1ccc(O)c2O,Ki,=,500.0,nM,6.3,CHEMBL4035338,CHEMBL4878,1
CHEMBL4076052,O=c1c2ccccc2nc2-c3c(CCn21)c1cc(O)ccc1[nH]3,IC50,=,90.0,nM,7.05,CHEMBL4035345,CHEMBL4878,1
CHEMBL85139,O=c1c2ccccc2nc2-c3c(CCn21)c1ccccc1[nH]3,IC50,=,55.0,nM,7.26,CHEMBL4035346,CHEMBL4878,1
CHEMBL85826,COc1ccc2[nH]c3c(CCn4c-3nc3ccccc3c4=O)c2c1,IC50,=,84.0,nM,7.08,CHEMBL4035346,CHEMBL4878,1
CHEMBL312149,COc1ccc2c3c([nH]c2c1)-c1nc2ccccc2c(=O)n1CC3,IC50,=,110.0,nM,6.96,CHEMBL4035346,CHEMBL4878,1
CHEMBL295124,COc1ccc2cc3-c4cc5c(cc4CC[n+]3cc2c1OC)OCO5,Ki,=,44.0,nM,7.36,CHEMBL4035349,CHEMBL4878,1
CHEMBL1187148,COc1c(O)ccc2cc3[n+](cc12)CCc1cc2c(cc1-3)OCO2,IC50,=,4100.0,nM,5.39,CHEMBL4035350,CHEMBL4878,1
CHEMBL379449,COc1ccc2cc3-c4cc(O)c(O)cc4CC[n+]3cc2c1OC,IC50,=,9900.0,nM,5.0,CHEMBL4035350,CHEMBL4878,1
CHEMBL135,C[C@]12CC[C@@H]3c4ccc(O)cc4CC[C@H]3[C@@H]1CC[C@@H]2O,Ki,=,1900.0,nM,5.72,CHEMBL4035351,CHEMBL4878,1
CHEMBL299613,COc1cc2c(cc1O)CC[C@@H]1[C@@H]2CC[C@]2(C)[C@@H](O)CC[C@@H]12,Ki,=,36000.0,nM,4.44,CHEMBL4035353,CHEMBL4878,1
CHEMBL4101296,COc1cc2c(cc1O)[C@H]1CC[C@]3(C)[C@@H](O)CC[C@H]3[C@@H]1CC2,Ki,=,28000.0,nM,4.55,CHEMBL4035353,CHEMBL4878,1
CHEMBL4092623,C/C(=C\C(=O)c1cc(O)c(Br)cc1O)CCCC(C)(C)O,IC50,=,140.0,nM,6.85,CHEMBL4035355,CHEMBL4878,1
CHEMBL74415,CCCCCc1cc(O)c2c(c1)OC(C)(C)c1ccc(C)cc1-2,Ki,=,148.0,nM,6.83,CHEMBL4035358,CHEMBL4878,1
CHEMBL444711,C=C(C)C1CC=C(CO)CC1,Ki,=,2000.0,nM,5.7,CHEMBL4035360,CHEMBL4878,2
CHEMBL556353,Cc1ccc(C(=O)Cn2c3c(CCCC3)sc2=N)cc1,Ki,=,4.38,nM,8.36,CHEMBL4035361,CHEMBL4878,1
CHEMBL45,COc1ccc2[nH]cc(CCNC(C)=O)c2c1,Ki,=,14000.0,nM,4.85,CHEMBL4035366,CHEMBL4878,1
CHEMBL532,CC[C@H]1OC(=O)[C@H](C)[C@@H](O[C@H]2C[C@@](C)(OC)[C@@H](O)[C@H](C)O2)[C@H](C)[C@@H](O[C@@H]2O[C@H](C)C[C@H](N(C)C)[C@H]2O)[C@](C)(O)C[C@@H](C)C(=O)[C@H](C)[C@@H](O)[C@]1(C)O,IC50,=,40000.0,nM,4.4,CHEMBL4035367,CHEMBL4878,1
CHEMBL1806721,N#C[Se]Cc1ccccc1,IC50,=,130.0,nM,6.89,CHEMBL4035367,CHEMBL4878,1
CHEMBL4099741,N#C[Se]Cc1ccccc1C[Se]C#N,IC50,=,130.0,nM,6.89,CHEMBL4035367,CHEMBL4878,1
CHEMBL4075813,N#C[Se]Cc1cccc(C[Se]C#N)c1,IC50,=,130.0,nM,6.89,CHEMBL4035367,CHEMBL4878,1
CHEMBL113478,N#C[Se]Cc1ccc(C[Se]C#N)cc1,IC50,=,130.0,nM,6.89,CHEMBL4035367,CHEMBL4878,1
CHEMBL131921,COc1ccc(-c2coc3cc(O)cc(O)c3c2=O)cc1,Ki,=,1900.0,nM,5.72,CHEMBL4035336,CHEMBL4878,1
CHEMBL1586994,COc1cccc(/C=C/C(=O)c2ccc[nH]2)c1,IC50,=,5200.0,nM,5.28,CHEMBL4057735,CHEMBL4878,1
CHEMBL4081406,O=C(/C=C/c1ccccc1F)c1ccc[nH]1,IC50,=,2700.0,nM,5.57,CHEMBL4057735,CHEMBL4878,1
CHEMBL4105559,COc1ccccc1/C=C/C(=O)c1ccc[nH]1,IC50,=,900.0,nM,6.05,CHEMBL4057735,CHEMBL4878,1
CHEMBL1335197,O=C(/C=C/c1ccccc1Cl)c1ccc[nH]1,IC50,=,200.0,nM,6.7,CHEMBL4057735,CHEMBL4878,1
CHEMBL4061752,O=C(/C=C/c1cccc(Br)c1)c1ccc[nH]1,IC50,=,13000.0,nM,4.89,CHEMBL4057735,CHEMBL4878,1
CHEMBL4076533,CCc1ccc(/C=C/C(=O)c2ccc[nH]2)o1,IC50,=,9200.0,nM,5.04,CHEMBL4057735,CHEMBL4878,1
CHEMBL3735451,O=C(/C=C/c1cccc(Cl)c1)c1ccc[nH]1,IC50,=,1500.0,nM,5.82,CHEMBL4057735,CHEMBL4878,1
CHEMBL2299352,O=C(/C=C/c1ccc(Br)cc1)c1ccc[nH]1,IC50,=,8500.0,nM,5.07,CHEMBL4057735,CHEMBL4878,1
CHEMBL4172273,C[C@]12CC[C@@H]3c4cc(-c5ccncc5)c(O)cc4CC[C@H]3[C@@H]1CC[C@@H]2O,IC50,=,32.0,nM,7.5,CHEMBL4136336,CHEMBL4878,1
CHEMBL4161655,C[C@]12CC[C@@H]3c4cc(-c5cccnc5)c(O)cc4CC[C@H]3[C@@H]1CC[C@@H]2O,IC50,=,11.0,nM,7.96,CHEMBL4136336,CHEMBL4878,1
CHEMBL4175688,C[C@]12CC[C@@H]3c4cc(-c5ccncc5)c(O)cc4CC[C@H]3[C@@H]1CCC2=O,IC50,=,120.0,nM,6.92,CHEMBL4136336,CHEMBL4878,1
CHEMBL4165068,C[C@]12CC[C@@H]3c4cc(-c5cccnc5)c(O)cc4CC[C@H]3[C@@H]1CCC2=O,IC50,=,63.0,nM,7.2,CHEMBL4136336,CHEMBL4878,1
CHEMBL2237710,COc1ccc(/C=C/C(=O)c2ccncc2)c(OC)c1OC,EC50,=,10000.0,nM,5.0,CHEMBL4181979,CHEMBL4878,1
CHEMBL4214111,COc1cc(/C=C/C(=O)c2ccncc2)cc(OC)c1,EC50,=,10000.0,nM,5.0,CHEMBL4181979,CHEMBL4878,1
CHEMBL4209004,COc1ccccc1/C=C/C(=O)c1ccncc1,EC50,=,10000.0,nM,5.0,CHEMBL4181979,CHEMBL4878,1
CHEMBL4218749,COc1cc(/C=C/C(=O)c2ccncc2)cc(OC)c1OC,IC50,=,8180.0,nM,5.09,CHEMBL4181957,CHEMBL4878,1
CHEMBL4202990,COc1ccc(/C=C/C(=O)c2ccncc2)cc1OC,IC50,=,230.0,nM,6.64,CHEMBL4181957,CHEMBL4878,1
CHEMBL4212722,COc1cccc(/C=C/C(=O)c2ccncc2)c1,IC50,=,60.0,nM,7.22,CHEMBL4181957,CHEMBL4878,1
CHEMBL2237704,COc1ccc(/C=C/C(=O)c2ccncc2)cc1,IC50,=,8520.0,nM,5.07,CHEMBL4181957,CHEMBL4878,1
CHEMBL4210776,O=C(/C=C/c1ccc2OCOc2c1)c1ccncc1,IC50,=,3520.0,nM,5.45,CHEMBL4181957,CHEMBL4878,1
CHEMBL1568243,O=C(/C=C/c1cccc2ccccc12)c1ccncc1,IC50,=,750.0,nM,6.12,CHEMBL4181957,CHEMBL4878,1
CHEMBL4213815,CCOc1c(OC)cc(/C=C/C(=O)c2ccncc2)cc1OC,IC50,=,610.0,nM,6.21,CHEMBL4181957,CHEMBL4878,1
CHEMBL4211876,CCOc1cc(/C=C/C(=O)c2ccncc2)cc(OCC)c1OCC,IC50,=,9920.0,nM,5.0,CHEMBL4181957,CHEMBL4878,1
CHEMBL4205073,CCOc1cc(/C=C/C(=O)c2ccncc2)cc(OC)c1OC,IC50,=,4760.0,nM,5.32,CHEMBL4181957,CHEMBL4878,1
CHEMBL4210137,CCOc1cc(/C=C/C(=O)c2ccncc2)cc(OC)c1OCC,IC50,=,3070.0,nM,5.51,CHEMBL4181957,CHEMBL4878,1
CHEMBL4078418,CC(C)=CCc1cc(C2CC(=O)c3ccc(O)c(CC=C(C)C)c3O2)ccc1O,IC50,=,15000.0,nM,4.82,CHEMBL4186317,CHEMBL4878,2
CHEMBL4205335,C[C@]12CC[C@@H]3c4ccc(OCc5cccnc5)cc4CC[C@H]3[C@@H]1CC[C@@H]2O,IC50,=,540.0,nM,6.27,CHEMBL4201920,CHEMBL4878,1
CHEMBL4215891,C[C@]12CC[C@@H]3c4cc(-c5ccc(F)cc5)c(O)cc4CC[C@H]3[C@@H]1CC[C@@H]2O,IC50,=,240.0,nM,6.62,CHEMBL4201920,CHEMBL4878,1
CHEMBL4218514,C#C[C@]1(O)CC[C@H]2[C@@H]3CCc4cc(O)c(-c5ccc(OC)cc5)cc4[C@H]3CC[C@@]21C,IC50,=,370.0,nM,6.43,CHEMBL4201920,CHEMBL4878,1
CHEMBL1223487,O=c1cc(C2CCCCC2)oc2c1ccc1ccccc12,IC50,=,539.8,nM,6.27,CHEMBL4311585,CHEMBL4878,1
CHEMBL4444783,[N-]=[N+]=N[C@H]1CC[C@@H](c2cc(=O)c3ccc4ccccc4c3o2)CC1,IC50,=,4.4,nM,8.36,CHEMBL4311585,CHEMBL4878,1
CHEMBL4464279,[N-]=[N+]=N[C@H]1CC[C@H](c2cc(=O)c3ccc4ccccc4c3o2)CC1,IC50,=,134.6,nM,6.87,CHEMBL4311585,CHEMBL4878,1
CHEMBL4436010,[N-]=[N+]=NC1CCCC(c2cc(=O)c3ccc4ccccc4c3o2)C1,IC50,=,90.3,nM,7.04,CHEMBL4311585,CHEMBL4878,4
CHEMBL4571646,[N-]=[N+]=NCC1CCC(c2cc(=O)c3ccc4ccccc4c3o2)CC1,IC50,=,23.5,nM,7.63,CHEMBL4311585,CHEMBL4878,1
CHEMBL4470607,CC(=O)S[C@H]1CC[C@@H](c2cc(=O)c3ccc4ccccc4c3o2)CC1,IC50,=,24.3,nM,7.61,CHEMBL4311585,CHEMBL4878,1
CHEMBL4547387,CC(=O)S[C@H]1CC[C@H](c2cc(=O)c3ccc4ccccc4c3o2)CC1,IC50,=,29.4,nM,7.53,CHEMBL4311585,CHEMBL4878,1
CHEMBL4441141,O=c1cc([C@H]2CC[C@@H](S)CC2)oc2c1ccc1ccccc12,IC50,=,38.8,nM,7.41,CHEMBL4311585,CHEMBL4878,1
CHEMBL4476231,O=c1cc([C@H]2CC[C@H](S)CC2)oc2c1ccc1ccccc12,IC50,=,40.3,nM,7.39,CHEMBL4311585,CHEMBL4878,1
CHEMBL4573324,O=c1cc(C2CCCC(S)C2)oc2c1ccc1ccccc12,IC50,=,66.1,nM,7.18,CHEMBL4311585,CHEMBL4878,4
CHEMBL4541853,C=C=C[C@H]1CC[C@@H](c2cc(=O)c3ccc4ccccc4c3o2)CC1,IC50,=,68.1,nM,7.17,CHEMBL4311585,CHEMBL4878,1
CHEMBL4579760,C=C=C[C@H]1CC[C@H](c2cc(=O)c3ccc4ccccc4c3o2)CC1,IC50,=,13.4,nM,7.87,CHEMBL4311585,CHEMBL4878,1
CHEMBL4474660,[N-]=[N+]=Nc1ccc(-c2cc(=O)c3ccc4ccccc4c3o2)cc1,IC50,=,2.6,nM,8.59,CHEMBL4311585,CHEMBL4878,1
CHEMBL4514232,[N-]=[N+]=Nc1cccc(-c2cc(=O)c3ccc4ccccc4c3o2)c1,IC50,=,1.8,nM,8.74,CHEMBL4311585,CHEMBL4878,1
CHEMBL1315298,O=c1cc(-c2ccc(O)cc2)oc2c1ccc1ccccc12,IC50,=,43.4,nM,7.36,CHEMBL4311585,CHEMBL4878,1
CHEMBL42428,COc1cc(/C=C/c2cccs2)cc(OC)c1,IC50,=,2.0,nM,8.7,CHEMBL4330010,CHEMBL4878,1
CHEMBL4447260,COc1cc(/C=C/c2cccs2)cc(OCCn2ccnc2)c1,IC50,=,4.0,nM,8.4,CHEMBL4330010,CHEMBL4878,1
CHEMBL4456952,COc1ccc(-c2cc(=O)c3cc(OC)c4cccc(OC)c4c3[nH]2)cc1,IC50,=,4.1,nM,8.39,CHEMBL4330577,CHEMBL4878,1
CHEMBL4539787,COc1cc2c([nH]c(-c3ccc(F)cc3)cc2=O)c2c(OC)cccc12,IC50,=,3.9,nM,8.41,CHEMBL4330577,CHEMBL4878,1
CHEMBL4532099,COc1cc2c([nH]c(-c3cccc(Br)c3)cc2=O)c2c(OC)cccc12,IC50,=,3.6,nM,8.44,CHEMBL4330577,CHEMBL4878,1
CHEMBL4441355,C[C@]12CC[C@H]3[C@@H](CC=C4CCCC[C@@]43C)[C@@H]1C[C@@H](F)C2=O,IC50,=,500.0,nM,6.3,CHEMBL4330568,CHEMBL4878,1
CHEMBL1935209,O=C(/C=C/c1ccccc1)c1ccc2ccccc2c1O,IC50,=,157.7,nM,6.8,CHEMBL4334805,CHEMBL4878,1
CHEMBL4581268,O=C(/C=C/c1ccccc1F)c1ccc2ccccc2c1O,IC50,=,90.2,nM,7.04,CHEMBL4334805,CHEMBL4878,1
CHEMBL4518018,O=C(/C=C/c1cccc(F)c1)c1ccc2ccccc2c1O,IC50,=,81.9,nM,7.09,CHEMBL4334805,CHEMBL4878,1
CHEMBL4549846,O=C(/C=C/c1ccc(F)cc1)c1ccc2ccccc2c1O,IC50,=,48.31,nM,7.32,CHEMBL4334805,CHEMBL4878,1
CHEMBL1935213,O=C(/C=C/c1ccccc1Cl)c1ccc2ccccc2c1O,IC50,=,55.4,nM,7.26,CHEMBL4334805,CHEMBL4878,1
CHEMBL4566283,O=C(/C=C/c1cccc(Cl)c1)c1ccc2ccccc2c1O,IC50,=,46.6,nM,7.33,CHEMBL4334805,CHEMBL4878,1
CHEMBL1935214,O=C(/C=C/c1ccc(Cl)cc1)c1ccc2ccccc2c1O,IC50,=,40.2,nM,7.4,CHEMBL4334805,CHEMBL4878,1
CHEMBL4476356,O=C(/C=C/c1ccccc1O)c1ccc2ccccc2c1O,IC50,=,76.9,nM,7.11,CHEMBL4334805,CHEMBL4878,1
CHEMBL4514655,COc1ccccc1/C=C/C(=O)c1ccc2ccccc2c1O,IC50,=,37.8,nM,7.42,CHEMBL4334805,CHEMBL4878,1
CHEMBL4554686,O=C(/C=C/c1ccccn1)c1ccc2ccccc2c1O,IC50,=,135.0,nM,6.87,CHEMBL4334805,CHEMBL4878,1
CHEMBL4559128,O=C(/C=C/c1cccnc1)c1ccc2ccccc2c1O,IC50,=,16.7,nM,7.78,CHEMBL4334805,CHEMBL4878,1
CHEMBL4469707,O=C(/C=C/c1ccncc1)c1ccc2ccccc2c1O,IC50,=,90.2,nM,7.04,CHEMBL4334805,CHEMBL4878,1
CHEMBL4566759,O=C(/C=C/c1ccc[nH]1)c1ccc2ccccc2c1O,IC50,=,51.8,nM,7.29,CHEMBL4334805,CHEMBL4878,1
CHEMBL17200,O=C(/C=C/c1ccccc1)c1ccc2ccccc2c1,IC50,=,95.5,nM,7.02,CHEMBL4334805,CHEMBL4878,1
CHEMBL4468505,COc1c(C(=O)/C=C/c2ccccc2)ccc2ccccc12,IC50,=,51.4,nM,7.29,CHEMBL4334805,CHEMBL4878,1
CHEMBL4473797,Nc1c(C(=O)/C=C/c2ccccc2)ccc2ccccc12,IC50,=,112.4,nM,6.95,CHEMBL4334805,CHEMBL4878,1
CHEMBL4454231,COc1ccc(OC)c2c(O)c(C(=O)/C=C/c3ccccc3)cc(OC)c12,IC50,=,4.9,nM,8.31,CHEMBL4334805,CHEMBL4878,1
CHEMBL4449722,O=C(CCc1ccccc1)c1ccc2ccccc2c1O,IC50,=,151.3,nM,6.82,CHEMBL4334805,CHEMBL4878,1
CHEMBL4563547,Nc1nc(-c2ccccc2)cc(-c2ccc3ccccc3c2)n1,IC50,=,4.8,nM,8.32,CHEMBL4334805,CHEMBL4878,1
CHEMBL4568026,O=c1cc(-c2ccccc2)sc2c1ccc1ccccc12,IC50,=,57.0,nM,7.24,CHEMBL4380057,CHEMBL4878,1
CHEMBL4546511,O=c1cc(-c2ccccc2F)sc2c1ccc1ccccc12,IC50,=,103.6,nM,6.99,CHEMBL4380057,CHEMBL4878,1
CHEMBL4446470,O=c1cc(-c2ccccc2Cl)sc2c1ccc1ccccc12,IC50,=,89.7,nM,7.05,CHEMBL4380057,CHEMBL4878,1
CHEMBL4438763,O=c1cc(-c2cccc(Cl)c2)sc2c1ccc1ccccc12,IC50,=,40.5,nM,7.39,CHEMBL4380057,CHEMBL4878,1
CHEMBL4471231,O=c1cc(-c2ccc(Cl)cc2)sc2c1ccc1ccccc12,IC50,=,51.9,nM,7.29,CHEMBL4380057,CHEMBL4878,1
CHEMBL4462604,O=C1C=C(c2ccccc2)S(=O)(=O)c2c1ccc1ccccc21,IC50,=,222.9,nM,6.65,CHEMBL4380057,CHEMBL4878,1
CHEMBL4471332,O=C1C=C(c2cccc(Cl)c2)S(=O)(=O)c2c1ccc1ccccc21,IC50,=,250.4,nM,6.6,CHEMBL4380057,CHEMBL4878,1
CHEMBL4461997,S=c1cc(-c2ccccc2)oc2c1ccc1ccccc12,IC50,=,7.8,nM,8.11,CHEMBL4380057,CHEMBL4878,1
CHEMBL4562047,Fc1ccccc1-c1cc(=S)c2ccc3ccccc3c2o1,IC50,=,10.6,nM,7.97,CHEMBL4380057,CHEMBL4878,1
CHEMBL4556419,Fc1cccc(-c2cc(=S)c3ccc4ccccc4c3o2)c1,IC50,=,5.0,nM,8.3,CHEMBL4380057,CHEMBL4878,1
CHEMBL4553927,S=c1cc(-c2cccc(Cl)c2)oc2c1ccc1ccccc12,IC50,=,9.4,nM,8.03,CHEMBL4380057,CHEMBL4878,1
CHEMBL4551672,COc1cccc(-c2cc(=S)c3ccc4ccccc4c3o2)c1,IC50,=,9.1,nM,8.04,CHEMBL4380057,CHEMBL4878,1
CHEMBL4465703,Fc1ccc(-c2cc(=S)c3ccc4ccccc4c3o2)cc1,IC50,=,13.3,nM,7.88,CHEMBL4380057,CHEMBL4878,1
CHEMBL4474545,S=c1cc(-c2ccc(Cl)cc2)oc2c1ccc1ccccc12,IC50,=,1.6,nM,8.8,CHEMBL4380057,CHEMBL4878,1
CHEMBL4483482,COc1cc(-c2cc(=S)c3ccc4ccccc4c3o2)cc(OC)c1OC,IC50,=,18.8,nM,7.73,CHEMBL4380057,CHEMBL4878,1
CHEMBL4434863,O/N=c1\cc(-c2ccccc2)oc2c1ccc1ccccc12,IC50,=,3.2,nM,8.49,CHEMBL4380057,CHEMBL4878,1
CHEMBL4458757,O/N=c1\cc(-c2cccc(Cl)c2)oc2c1ccc1ccccc12,IC50,=,10.4,nM,7.98,CHEMBL4380057,CHEMBL4878,1
CHEMBL4466582,O/N=c1\cc(-c2ccc(Cl)cc2)oc2c1ccc1ccccc12,IC50,=,8.0,nM,8.1,CHEMBL4380057,CHEMBL4878,1
CHEMBL361608,O=c1cc(-c2ccccc2F)oc2c1ccc1ccccc12,IC50,=,3.3,nM,8.48,CHEMBL4380057,CHEMBL4878,1
CHEMBL436080,O=c1cc(-c2cccc(F)c2)oc2c1ccc1ccccc12,IC50,=,2.2,nM,8.66,CHEMBL4380057,CHEMBL4878,1
CHEMBL359819,O=c1cc(-c2ccc(F)cc2)oc2c1ccc1ccccc12,IC50,=,2.7,nM,8.57,CHEMBL4380057,CHEMBL4878,1
CHEMBL175450,O=c1cc(-c2ccccc2Cl)oc2c1ccc1ccccc12,IC50,=,21.6,nM,7.67,CHEMBL4380057,CHEMBL4878,1
CHEMBL368236,O=c1cc(-c2cccc(Cl)c2)oc2c1ccc1ccccc12,IC50,=,0.49,nM,9.31,CHEMBL4380057,CHEMBL4878,1
CHEMBL425868,O=c1cc(-c2ccc(Cl)cc2)oc2c1ccc1ccccc12,IC50,=,4.2,nM,8.38,CHEMBL4380057,CHEMBL4878,1
CHEMBL3230194,COc1cccc(-c2cc(=O)c3ccc4ccccc4c3o2)c1,IC50,=,3.8,nM,8.42,CHEMBL4380057,CHEMBL4878,1
CHEMBL2420082,COc1ccc(-c2cc(=O)c3ccc4ccccc4c3o2)cc1,IC50,=,7.3,nM,8.14,CHEMBL4380057,CHEMBL4878,1
CHEMBL1801014,O=c1cc(-c2cccc(O)c2)oc2c1ccc1ccccc12,IC50,=,14.8,nM,7.83,CHEMBL4380057,CHEMBL4878,1
CHEMBL4064195,O=c1cc(-c2cccc(C(F)(F)F)c2)oc2c1ccc1ccccc12,IC50,=,0.52,nM,9.28,CHEMBL4380057,CHEMBL4878,1
CHEMBL4558857,CN(C)c1cccc(-c2cc(=O)c3ccc4ccccc4c3o2)c1,IC50,=,4.1,nM,8.39,CHEMBL4380057,CHEMBL4878,1
CHEMBL4545007,O=c1cc(-c2cc(Cl)cc(Cl)c2)oc2c1ccc1ccccc12,IC50,=,4.2,nM,8.38,CHEMBL4380057,CHEMBL4878,1
CHEMBL4062213,O=c1cc(-c2ccc(F)c(F)c2)oc2c1ccc1ccccc12,IC50,=,5.6,nM,8.25,CHEMBL4380057,CHEMBL4878,1
CHEMBL4457289,COc1cc(-c2cc(=O)c3ccc4ccccc4c3o2)cc(OC)c1OC,IC50,=,5.1,nM,8.29,CHEMBL4380057,CHEMBL4878,1
CHEMBL4541619,COc1cc(Cl)cc(-c2cc(=O)c3ccc4ccccc4c3o2)c1,IC50,=,3.2,nM,8.49,CHEMBL4380057,CHEMBL4878,1
CHEMBL3230195,O=c1cc(-c2ccc3ccccc3c2)oc2c1ccc1ccccc12,IC50,=,48.4,nM,7.32,CHEMBL4380057,CHEMBL4878,1
CHEMBL4470790,CN1CCN(c2ccc(-c3cc(=O)c4ccc5ccccc5c4o3)cc2)CC1,IC50,=,63.8,nM,7.2,CHEMBL4380057,CHEMBL4878,1
CHEMBL4585810,CN1CCN(c2cccc(-c3cc(=O)c4ccc5ccccc5c4o3)c2)CC1,IC50,=,24.6,nM,7.61,CHEMBL4380057,CHEMBL4878,1
CHEMBL4518052,CN1CCN(c2cc(Cl)cc(-c3cc(=O)c4ccc5ccccc5c4o3)c2)CC1,IC50,=,47.7,nM,7.32,CHEMBL4380057,CHEMBL4878,1
CHEMBL4532886,O=c1cc(-c2cccc(N3CCOCC3)c2)oc2c1ccc1ccccc12,IC50,=,2.0,nM,8.7,CHEMBL4380057,CHEMBL4878,1
CHEMBL4466261,O=c1cc(-c2ccccn2)oc2c1ccc1ccccc12,IC50,=,3.5,nM,8.46,CHEMBL4380057,CHEMBL4878,1
CHEMBL177938,O=c1cc(-c2cccnc2)oc2c1ccc1ccccc12,IC50,=,6.2,nM,8.21,CHEMBL4380057,CHEMBL4878,1
CHEMBL177991,O=c1cc(-c2ccncc2)oc2c1ccc1ccccc12,IC50,=,9.3,nM,8.03,CHEMBL4380057,CHEMBL4878,1
